{
    "Visual_Predictions": {
        "Angry": 0.41,
        "Disgust": 0.12,
        "Fear": 0.16,
        "Happy": 0.051,
        "Neutral": 0.05,
        "Sad": 0.03,
        "Surprise": 0.179
    },
    "Audio_Predictions": {
        "Angry": 0.35,
        "Disgust": 0.12,
        "Fear": 0.21,
        "Happy": 0.02,
        "Neutral": 0.06,
        "Sad": 0.078,
        "Surprise": 0.162
    },
    "Visual_Complex": {
        "Dissaproval": 0.14334705075445817,
        "Remorse": 0.102880658436214,
        "Contempt": 0.36351165980795613,
        "Awe": 0.23251028806584362,
        "Excitement": 0.15775034293552812
    },
    "Audio_Complex": {
        "Dissaproval": 0.16415868673050615,
        "Remorse": 0.1354309165526676,
        "Contempt": 0.32147742818057456,
        "Awe": 0.2544459644322845,
        "Excitement": 0.12448700410396715
    },
    "Combined_Complex": {
        "Dissaproval": 0.16194076874606173,
        "Remorse": 0.12476370510396975,
        "Contempt": 0.3339634530560806,
        "Awe": 0.24511657214870824,
        "Excitement": 0.13421550094517956
    }
}