{
    "Visual_Predictions": {
        "Angry": 0.19357025623321533,
        "Disgust": 0.03606339544057846,
        "Fear": 0.076451875269413,
        "Happy": 0.2857142388820648,
        "Neutral": 0.18081045150756836,
        "Sad": 0.12249467521905899,
        "Surprise": 0.10489509254693985
    },
    "Audio_Predictions": {
        "Angry": 0.00010546752875296623,
        "Disgust": 0.999871169612166,
        "Fear": 1.8107755316308833e-14,
        "Happy": 2.3017944717888506e-05,
        "Neutral": 8.429976382783066e-13,
        "Sad": 4.558489378858406e-08,
        "Surprise": 3.16654690877323e-16
    },
    "Visual_Complex": {
        "Dissaproval": 0.19148002683052212,
        "Remorse": 0.13351833691719428,
        "Contempt": 0.1933695531495397,
        "Awe": 0.15270837647735763,
        "Excitement": 0.3289237066253863
    },
    "Audio_Complex": {
        "Dissaproval": 2.2793918219197925e-08,
        "Remorse": 0.4999678765583142,
        "Contempt": 0.5000205909325385,
        "Awe": 9.212799616715785e-15,
        "Excitement": 1.1509715219904192e-05
    },
    "Combined_Complex": {
        "Dissaproval": 0.04330099575795213,
        "Remorse": 0.3967483370113502,
        "Contempt": 0.4218730489752308,
        "Awe": 0.037079668559332694,
        "Excitement": 0.100997949696134
    }
}