{
    "Visual_Predictions": {
        "Angry": 0.13368213176727295,
        "Disgust": 0.0013112520100548863,
        "Fear": 0.05484434589743614,
        "Happy": 0.11478767544031143,
        "Sad": 0.3491359055042267,
        "Surprise": 0.003655034815892577,
        "Neutral": 0.34258362650871277
    },
    "Audio_Predictions": {
        "Angry": 0.00010553613674521074,
        "Disgust": 0.9998710787657057,
        "Fear": 1.8119016285332274e-14,
        "Happy": 2.3040080651638687e-05,
        "Neutral": 8.435877934006164e-13,
        "Sad": 4.56426550974223e-08,
        "Surprise": 3.1695920818718657e-16
    },
    "Visual_Complex": {
        "Dissaproval": 0.17639547016005963,
        "Remorse": 0.17522357875714079,
        "Contempt": 0.06749669188866392,
        "Awe": 0.02924969035666436,
        "Excitement": 0.059221355128102005
    },
    "Audio_Complex": {
        "Dissaproval": 2.2821327707190754e-08,
        "Remorse": 0.4999355622041804,
        "Contempt": 0.49998830745122547,
        "Awe": 9.21798774675973e-15,
        "Excitement": 1.1520040325977824e-05
    },
    "Combined_Complex": {
        "Dissaproval": 0.1745679527521135,
        "Remorse": 0.6745034921349662,
        "Contempt": 0.5667766052664893,
        "Awe": 0.02742217294871823,
        "Excitement": 0.057393837720155876
    }
}