{
    "Visual_Predictions": {
        "Angry": 0.0213894322514534,
        "Disgust": 0.000655742478556931,
        "Fear": 0.027661077678203583,
        "Happy": 0.6939013600349426,
        "Neutral": 0.13398918509483337,
        "Sad": 0.0692833811044693,
        "Surprise": 0.05311987176537514
    },
    "Audio_Predictions": {
        "Angry": 0.00010553613674521074,
        "Disgust": 0.9998710787657057,
        "Fear": 1.8119016285332274e-14,
        "Happy": 2.3040080651638687e-05,
        "Neutral": 8.435877934006164e-13,
        "Sad": 4.56426550974223e-08,
        "Surprise": 3.1695920818718657e-16
    },
    "Visual_Complex": {
        "Dissaproval": 0.06120162643492222,
        "Remorse": 0.034969561791513115,
        "Contempt": 0.011022587365005165,
        "Awe": 0.04039047472178936,
        "Excitement": 0.3735106159001589
    },
    "Audio_Complex": {
        "Dissaproval": 2.2821327707190754e-08,
        "Remorse": 0.4999355622041804,
        "Contempt": 0.49998830745122547,
        "Awe": 9.21798774675973e-15,
        "Excitement": 1.1520040325977824e-05
    },
    "Combined_Complex": {
        "Dissaproval": 0.03464169055223481,
        "Remorse": 0.5345772299350875,
        "Contempt": 0.5106302555085795,
        "Awe": 0.026559935882696627,
        "Excitement": 0.3469506800174715
    }
}