{
    "Visual_Predictions": {
        "Angry": 0.044806282967329025,
        "Disgust": 0.0005432307370938361,
        "Fear": 0.2366451472043991,
        "Happy": 0.3319146931171417,
        "Neutral": 0.02895808406174183,
        "Sad": 0.34533026814460754,
        "Surprise": 0.011802245862782001
    },
    "Audio_Predictions": {
        "Angry": 0.00010553674058363278,
        "Disgust": 0.9998710781401642,
        "Fear": 1.8119016273996617e-14,
        "Happy": 2.304010246509591e-05,
        "Neutral": 8.435910454791824e-13,
        "Sad": 4.564282915182765e-08,
        "Surprise": 3.1695920798888986e-16
    },
    "Visual_Complex": {
        "Dissaproval": 0.2664134452805101,
        "Remorse": 0.25801445361088604,
        "Contempt": 0.03382979626307846,
        "Awe": 0.18533660017474432,
        "Excitement": 0.2564057046707811
    },
    "Audio_Complex": {
        "Dissaproval": 2.2822888814468272e-08,
        "Remorse": 0.4999678537129752,
        "Contempt": 0.5000206026687912,
        "Awe": 9.218583148955727e-15,
        "Excitement": 1.1520795335479245e-05
    },
    "Combined_Complex": {
        "Dissaproval": 0.10452616008934665,
        "Remorse": 0.4071717548236648,
        "Contempt": 0.3162077673513169,
        "Awe": 0.07162884584068942,
        "Excitement": 0.10046547189498216
    }
}