{
    "Visual_Predictions": {
        "Angry": 0.02902887389063835,
        "Disgust": 0.00028016342548653483,
        "Fear": 0.20344635844230652,
        "Happy": 0.08361270278692245,
        "Neutral": 0.4762572944164276,
        "Sad": 0.19527794420719147,
        "Surprise": 0.012096624821424484
    },
    "Audio_Predictions": {
        "Angry": 0.00010546813257516752,
        "Disgust": 0.9998711688326023,
        "Fear": 1.810792809689739e-14,
        "Happy": 2.301811932291011e-05,
        "Neutral": 8.430056607164447e-13,
        "Sad": 4.5584893753043144e-08,
        "Surprise": 3.1665228188069997e-16
    },
    "Visual_Complex": {
        "Dissaproval": 0.2789189450050983,
        "Remorse": 0.2630257958996567,
        "Contempt": 0.03942067634243305,
        "Awe": 0.2899054680464483,
        "Excitement": 0.12872911470636375
    },
    "Audio_Complex": {
        "Dissaproval": 2.27939182103233e-08,
        "Remorse": 0.4999678763636823,
        "Contempt": 0.5000205910398576,
        "Awe": 9.212884811606655e-15,
        "Excitement": 1.1509802532543182e-05
    },
    "Combined_Complex": {
        "Dissaproval": 0.07215450145541892,
        "Remorse": 0.44160331964973915,
        "Contempt": 0.3801748831982047,
        "Awe": 0.0751727012793106,
        "Excitement": 0.030894594417326636
    }
}