{
    "Visual_Predictions": {
        "Angry": 0.018525417894124985,
        "Disgust": 0.0005937377572990954,
        "Fear": 0.024610785767436028,
        "Happy": 0.7198269367218018,
        "Neutral": 0.13423553109169006,
        "Sad": 0.06692447513341904,
        "Surprise": 0.03528309985995293
    },
    "Audio_Predictions": {
        "Angry": 0.00010553613674521074,
        "Disgust": 0.9998710787657057,
        "Fear": 1.8119016285332274e-14,
        "Happy": 2.3040080651638687e-05,
        "Neutral": 8.435877934006164e-13,
        "Sad": 4.56426550974223e-08,
        "Surprise": 3.1695920818718657e-16
    },
    "Visual_Complex": {
        "Dissaproval": 0.05110378749668598,
        "Remorse": 0.033759106445359066,
        "Contempt": 0.00955957782571204,
        "Awe": 0.029946942813694477,
        "Excitement": 0.37755501829087734
    },
    "Audio_Complex": {
        "Dissaproval": 2.2821327707190754e-08,
        "Remorse": 0.4999355622041804,
        "Contempt": 0.49998830745122547,
        "Awe": 9.21798774675973e-15,
        "Excitement": 1.1520040325977824e-05
    },
    "Combined_Complex": {
        "Dissaproval": 0.03346223756670968,
        "Remorse": 0.5333977769495624,
        "Contempt": 0.5091982483299153,
        "Awe": 0.017641549929985522,
        "Excitement": 0.35991346836090105
    }
}