{
    "Visual_Predictions": {
        "Angry": 0.009365076199173927,
        "Disgust": 3.5442444641375914e-06,
        "Fear": 0.06197016313672066,
        "Happy": 0.4186388850212097,
        "Neutral": 0.3505184054374695,
        "Sad": 0.12139419466257095,
        "Surprise": 0.03810976445674896
    },
    "Audio_Predictions": {
        "Angry": 0.047754254192113876,
        "Disgust": 0.43321070075035095,
        "Fear": 0.029713401570916176,
        "Happy": 0.017756495624780655,
        "Neutral": 0.02430259808897972,
        "Sad": 0.19935646653175354,
        "Surprise": 0.02137175388634205
    },
    "Visual_Complex": {
        "Dissaproval": 0.18829437738479557,
        "Remorse": 0.1433099954987475,
        "Contempt": 0.011059653710975661,
        "Awe": 0.11814432543853544,
        "Excitement": 0.5391916479669459
    },
    "Audio_Complex": {
        "Dissaproval": 0.15495422136650402,
        "Remorse": 0.4440707793618304,
        "Contempt": 0.33764395851385876,
        "Awe": 0.03586247590938902,
        "Excitement": 0.02746856484841777
    },
    "Combined_Complex": {
        "Dissaproval": 0.13507753357645919,
        "Remorse": 0.31547500909901904,
        "Contempt": 0.2517496661406204,
        "Awe": 0.04740724838284182,
        "Excitement": 0.25029054280105956
    }
}