{
    "Visual_Predictions": {
        "Angry": 0.04722275957465172,
        "Disgust": 0.00032991720945574343,
        "Fear": 0.026185428723692894,
        "Happy": 0.2952994704246521,
        "Sad": 0.13427887856960297,
        "Surprise": 0.004803166724741459,
        "Neutral": 0.4918804168701172
    },
    "Audio_Predictions": {
        "Angry": 0.00010553613674521074,
        "Disgust": 0.9998710787657057,
        "Fear": 1.8119016285332274e-14,
        "Happy": 2.3040080651638687e-05,
        "Neutral": 8.435877934006164e-13,
        "Sad": 4.56426550974223e-08,
        "Surprise": 3.1695920818718657e-16
    },
    "Visual_Complex": {
        "Dissaproval": 0.06954102264717221,
        "Remorse": 0.06730439788952935,
        "Contempt": 0.02377633839205373,
        "Awe": 0.015494297724217176,
        "Excitement": 0.15005131857469678
    },
    "Audio_Complex": {
        "Dissaproval": 2.2821327707190754e-08,
        "Remorse": 0.4999355622041804,
        "Contempt": 0.49998830745122547,
        "Awe": 9.21798774675973e-15,
        "Excitement": 1.1520040325977824e-05
    },
    "Combined_Complex": {
        "Dissaproval": 0.06713943928480164,
        "Remorse": 0.5670749786676543,
        "Contempt": 0.5235469191701787,
        "Awe": 0.013092714361846605,
        "Excitement": 0.14764973521232622
    }
}