{
    "Visual_Predictions": {
        "Angry": 0.05054384469985962,
        "Disgust": 0.0002722645294852555,
        "Fear": 0.04296456649899483,
        "Happy": 0.06978266686201096,
        "Sad": 0.6302496194839478,
        "Surprise": 0.00037753107608295977,
        "Neutral": 0.20580947399139404
    },
    "Audio_Predictions": {
        "Angry": 0.11535358623914868,
        "Disgust": 0.22955257404947857,
        "Fear": 0.16506660216973293,
        "Happy": 0.09637072521618593,
        "Neutral": 0.11716922610550996,
        "Sad": 0.01874399766004652,
        "Surprise": 0.21552881425421563
    },
    "Visual_Complex": {
        "Dissaproval": 0.31531357528001536,
        "Remorse": 0.3152609420067165,
        "Contempt": 0.025408054614672437,
        "Awe": 0.021671048787538894,
        "Excitement": 0.03508009896904696
    },
    "Audio_Complex": {
        "Dissaproval": 0.11713640595713108,
        "Remorse": 0.12414828585476255,
        "Contempt": 0.17245308014431363,
        "Awe": 0.19029770821197428,
        "Excitement": 0.15594976973520078
    },
    "Combined_Complex": {
        "Dissaproval": 0.4228892168690817,
        "Remorse": 0.4299010967667132,
        "Contempt": 0.1400482093746691,
        "Awe": 0.12924669037660524,
        "Excitement": 0.1426557405581133
    }
}