{
    "Visual_Predictions": {
        "Angry": 0.056178320199251175,
        "Disgust": 0.0007207876769825816,
        "Fear": 0.07853995263576508,
        "Happy": 0.02271876484155655,
        "Neutral": 0.49600666761398315,
        "Sad": 0.12230056524276733,
        "Surprise": 0.22353492677211761
    },
    "Audio_Predictions": {
        "Angry": 0.00010553613674521074,
        "Disgust": 0.9998710787657057,
        "Fear": 1.8119016285332274e-14,
        "Happy": 2.3040080651638687e-05,
        "Neutral": 8.435877934006164e-13,
        "Sad": 4.56426550974223e-08,
        "Surprise": 3.1695920818718657e-16
    },
    "Visual_Complex": {
        "Dissaproval": 0.3219816358408315,
        "Remorse": 0.11453600735331257,
        "Contempt": 0.052974516077387346,
        "Awe": 0.2812393929018302,
        "Excitement": 0.22926844782663838
    },
    "Audio_Complex": {
        "Dissaproval": 2.2822801774510808e-08,
        "Remorse": 0.49996785386940834,
        "Contempt": 0.5000206025233562,
        "Awe": 9.2185831518417e-15,
        "Excitement": 1.1520784424445192e-05
    },
    "Combined_Complex": {
        "Dissaproval": 0.07846501501275097,
        "Remorse": 0.3939035308114018,
        "Contempt": 0.37069336868791375,
        "Awe": 0.0784649989913197,
        "Excitement": 0.07847308649661372
    }
}