{
    "Visual_Predictions": {
        "Angry": 0.1533355414867401,
        "Disgust": 0.0013202844420447946,
        "Fear": 0.13008438050746918,
        "Happy": 0.006281794048845768,
        "Neutral": 0.4359098970890045,
        "Sad": 0.25328391790390015,
        "Surprise": 0.019784193485975266
    },
    "Audio_Predictions": {
        "Angry": 2.0480565580332055e-06,
        "Disgust": 0.999948748157009,
        "Fear": 1.3500117667195269e-05,
        "Happy": 2.5749663983364185e-09,
        "Neutral": 7.464685158336778e-12,
        "Sad": 3.567991338325279e-05,
        "Surprise": 1.947569355976569e-08
    },
    "Visual_Complex": {
        "Dissaproval": 0.31816378716021,
        "Remorse": 0.29665066650581345,
        "Contempt": 0.18019637310794692,
        "Awe": 0.17461853321267148,
        "Excitement": 0.03037064001335813
    },
    "Audio_Complex": {
        "Dissaproval": 1.784983318415583e-05,
        "Remorse": 0.4999960976756212,
        "Contempt": 0.4999792816165925,
        "Awe": 6.7598491864344444e-06,
        "Excitement": 1.102541561721902e-08
    },
    "Combined_Complex": {
        "Dissaproval": 0.09014723559466419,
        "Remorse": 0.44604273595528826,
        "Contempt": 0.4104697346453844,
        "Awe": 0.046298826423003515,
        "Excitement": 0.007041467381659654
    }
}