{
    "Visual_Predictions": {
        "Angry": 0.061316173523664474,
        "Disgust": 0.0014971616910770535,
        "Fear": 0.06344066560268402,
        "Happy": 0.08157479763031006,
        "Sad": 0.08827385306358337,
        "Surprise": 0.12389460951089859,
        "Neutral": 0.5800027251243591
    },
    "Audio_Predictions": {
        "Angry": 0.00010553613674521074,
        "Disgust": 0.9998710787657057,
        "Fear": 1.8119016285332274e-14,
        "Happy": 2.3040080651638687e-05,
        "Neutral": 8.435877934006164e-13,
        "Sad": 4.56426550974223e-08,
        "Surprise": 3.1695920818718657e-16
    },
    "Visual_Complex": {
        "Dissaproval": 0.10608423128724098,
        "Remorse": 0.044885507377330214,
        "Contempt": 0.031406667607370764,
        "Awe": 0.0936676375567913,
        "Excitement": 0.10273470357060432
    },
    "Audio_Complex": {
        "Dissaproval": 2.2821327707190754e-08,
        "Remorse": 0.4999355622041804,
        "Contempt": 0.49998830745122547,
        "Awe": 9.21798774675973e-15,
        "Excitement": 1.1520040325977824e-05
    },
    "Combined_Complex": {
        "Dissaproval": 0.061947327576776845,
        "Remorse": 0.5440724659146445,
        "Contempt": 0.5305936261446851,
        "Awe": 0.06194730475545836,
        "Excitement": 0.061958824795775115
    }
}