{
    "Visual_Predictions": {
        "Angry": 0.026342445984482765,
        "Disgust": 0.00034309818875044584,
        "Fear": 0.1495884358882904,
        "Happy": 0.08580319583415985,
        "Neutral": 0.4961529076099396,
        "Sad": 0.22922812402248383,
        "Surprise": 0.01254178024828434
    },
    "Audio_Predictions": {
        "Angry": 0.013787500560283661,
        "Disgust": 0.9537667036056519,
        "Fear": 3.119929488093476e-07,
        "Happy": 2.0206793124089018e-05,
        "Neutral": 1.558040167992658e-07,
        "Sad": 0.03217362239956856,
        "Surprise": 1.942738344951067e-05
    },
    "Visual_Complex": {
        "Dissaproval": 0.3187466189662465,
        "Remorse": 0.3026640189666784,
        "Contempt": 0.03518190986652484,
        "Awe": 0.2137505839764205,
        "Excitement": 0.12965686822412978
    },
    "Audio_Complex": {
        "Dissaproval": 0.016212060517660623,
        "Remorse": 0.4965085426740263,
        "Contempt": 0.4872494969497903,
        "Awe": 9.940529614539823e-06,
        "Excitement": 1.9959328908247555e-05
    },
    "Combined_Complex": {
        "Dissaproval": 0.08723994231158744,
        "Remorse": 0.4501875805619347,
        "Contempt": 0.3729796246237653,
        "Awe": 0.05693313311807372,
        "Excitement": 0.03265971938463882
    }
}