{
    "Visual_Predictions": {
        "Angry": 0.19358491897583008,
        "Disgust": 0.03607896342873573,
        "Fear": 0.07645490020513535,
        "Happy": 0.2857031524181366,
        "Sad": 0.12247610837221146,
        "Surprise": 0.10490197688341141,
        "Neutral": 0.18080000579357147
    },
    "Audio_Predictions": {
        "Angry": 0.11535358623914868,
        "Disgust": 0.22955257404947857,
        "Fear": 0.16506660216973293,
        "Happy": 0.09637072521618593,
        "Neutral": 0.11716922610550996,
        "Sad": 0.01874399766004652,
        "Surprise": 0.21552881425421563
    },
    "Visual_Complex": {
        "Dissaproval": 0.11368904262781143,
        "Remorse": 0.0792775359004736,
        "Contempt": 0.1148319412022829,
        "Awe": 0.09067843854427338,
        "Excitement": 0.195302564650774
    },
    "Audio_Complex": {
        "Dissaproval": 0.11713640595713108,
        "Remorse": 0.12414828585476255,
        "Contempt": 0.17245308014431363,
        "Awe": 0.19029770821197428,
        "Excitement": 0.15594976973520078
    },
    "Combined_Complex": {
        "Dissaproval": 0.16900246131321356,
        "Remorse": 0.17601434121084503,
        "Contempt": 0.21156874651265434,
        "Awe": 0.1459918572296755,
        "Excitement": 0.25061598333617613
    }
}