{
    "Visual_Predictions": {
        "Angry": 0.19358889758586884,
        "Disgust": 0.03607896715402603,
        "Fear": 0.07645946741104126,
        "Happy": 0.2857016623020172,
        "Sad": 0.12249141186475754,
        "Surprise": 0.1048988476395607,
        "Neutral": 0.18078076839447021
    },
    "Audio_Predictions": {
        "Angry": 0.11535358623914868,
        "Disgust": 0.22955257404947857,
        "Fear": 0.16506660216973293,
        "Happy": 0.09637072521618593,
        "Neutral": 0.11716922610550996,
        "Sad": 0.01874399766004652,
        "Surprise": 0.21552881425421563
    },
    "Visual_Complex": {
        "Dissaproval": 0.11369512975215912,
        "Remorse": 0.07928518950939178,
        "Contempt": 0.11483393236994743,
        "Awe": 0.09067915752530098,
        "Excitement": 0.19530025497078896
    },
    "Audio_Complex": {
        "Dissaproval": 0.11713640595713108,
        "Remorse": 0.12414828585476255,
        "Contempt": 0.17245308014431363,
        "Awe": 0.19029770821197428,
        "Excitement": 0.15594976973520078
    },
    "Combined_Complex": {
        "Dissaproval": 0.1690101130594866,
        "Remorse": 0.17602199295711807,
        "Contempt": 0.21157073581767372,
        "Awe": 0.14599414083262846,
        "Excitement": 0.25061523827811644
    }
}